size,threshold,time(ms)
500,5,91
500,10,70
500,20,51
500,30,51
500,50,39
600,5,102
600,10,80
600,20,65
600,30,87
600,50,51
700,5,137
700,10,100
700,20,81
700,30,62
700,50,47
800,5,152
800,10,125
800,20,99
800,30,77
800,50,59
900,5,173
900,10,131
900,20,106
900,30,86
900,50,86
1000,5,173
1000,10,127
1000,20,102
1000,30,102
1000,50,82
1100,5,176
1100,10,139
1100,20,111
1100,30,111
1100,50,90
1200,5,200
1200,10,161
1200,20,125
1200,30,124
1200,50,99
1300,5,210
1300,10,167
1300,20,141
1300,30,130
1300,50,107
1400,5,256
1400,10,210
1400,20,185
1400,30,162
1400,50,115
1500,5,282
1500,10,226
1500,20,184
1500,30,152
1500,50,122
1600,5,297
1600,10,233
1600,20,189
1600,30,158
1600,50,130
1700,5,316
1700,10,249
1700,20,211
1700,30,172
1700,50,170
1800,5,347
1800,10,290
1800,20,211
1800,30,175
1800,50,175
1900,5,333
1900,10,267
1900,20,222
1900,30,184
1900,50,184
2000,5,356
2000,10,282
2000,20,233
2000,30,233
2000,50,194
2100,5,368
2100,10,295
2100,20,243
2100,30,244
2100,50,202
2200,5,383
2200,10,306
2200,20,251
2200,30,252
2200,50,209
2300,5,402
2300,10,350
2300,20,281
2300,30,284
2300,50,220
2400,5,411
2400,10,329
2400,20,272
2400,30,272
2400,50,226
2500,5,488
2500,10,386
2500,20,294
2500,30,286
2500,50,240
2600,5,444
2600,10,364
2600,20,311
2600,30,291
2600,50,245
2700,5,476
2700,10,408
2700,20,363
2700,30,305
2700,50,258
2800,5,522
2800,10,450
2800,20,431
2800,30,360
2800,50,295
2900,5,564
2900,10,478
2900,20,391
2900,30,326
2900,50,275
3000,5,676
3000,10,487
3000,20,399
3000,30,334
3000,50,281
3100,5,620
3100,10,494
3100,20,410
3100,30,347
3100,50,293
3200,5,634
3200,10,889
3200,20,628
3200,30,521
3200,50,441
3300,5,657
3300,10,528
3300,20,443
3300,30,373
3300,50,375
3400,5,673
3400,10,537
3400,20,445
3400,30,377
3400,50,375
3500,5,694
3500,10,563
3500,20,468
3500,30,394
3500,50,393
3600,5,726
3600,10,581
3600,20,480
3600,30,402
3600,50,403
3700,5,724
3700,10,583
3700,20,486
3700,30,410
3700,50,409
3800,5,740
3800,10,598
3800,20,519
3800,30,421
3800,50,421
3900,5,1225
3900,10,898
3900,20,738
3900,30,680
3900,50,625
4000,5,1113
4000,10,904
4000,20,768
4000,30,749
4000,50,629
4100,5,791
4100,10,641
4100,20,528
4100,30,543
4100,50,445
4200,5,803
4200,10,655
4200,20,546
4200,30,545
4200,50,476
4300,5,815
4300,10,720
4300,20,563
4300,30,561
4300,50,476
4400,5,839
4400,10,684
4400,20,568
4400,30,569
4400,50,484
4500,5,846
4500,10,690
4500,20,585
4500,30,579
4500,50,489
4600,5,851
4600,10,701
4600,20,598
4600,30,591
4600,50,508
4700,5,856
4700,10,743
4700,20,703
4700,30,657
4700,50,521
4800,5,881
4800,10,716
4800,20,620
4800,30,609
4800,50,530
4900,5,890
4900,10,732
4900,20,618
4900,30,618
4900,50,530
5000,5,864
5000,10,554
5000,20,463
5000,30,462
5000,50,393
5100,5,697
5100,10,559
5100,20,562
5100,30,787
5100,50,638
5200,5,1172
5200,10,792
5200,20,689
5200,30,690
5200,50,603
5300,5,1006
5300,10,854
5300,20,762
5300,30,679
5300,50,582
5400,5,1051
5400,10,901
5400,20,804
5400,30,679
5400,50,582
5500,5,1078
5500,10,1008
5500,20,812
5500,30,692
5500,50,596
5600,5,1234
5600,10,1093
5600,20,918
5600,30,782
5600,50,673
5700,5,1153
5700,10,1002
5700,20,837
5700,30,1132
5700,50,893
5800,5,1203
5800,10,1029
5800,20,860
5800,30,726
5800,50,623
5900,5,1257
5900,10,1089
5900,20,859
5900,30,735
5900,50,634
6000,5,1274
6000,10,1056
6000,20,882
6000,30,754
6000,50,646
6100,5,1407
6100,10,1176
6100,20,892
6100,30,768
6100,50,660
6200,5,1340
6200,10,1076
6200,20,900
6200,30,775
6200,50,662
6300,5,1348
6300,10,1090
6300,20,919
6300,30,797
6300,50,684
6400,5,1381
6400,10,1115
6400,20,1012
6400,30,801
6400,50,690
6500,5,1408
6500,10,1134
6500,20,947
6500,30,810
6500,50,787
6600,5,1402
6600,10,1141
6600,20,975
6600,30,826
6600,50,827
6700,5,1414
6700,10,1152
6700,20,1094
6700,30,896
6700,50,831
6800,5,1424
6800,10,1168
6800,20,991
6800,30,855
6800,50,852
6900,5,1482
6900,10,1199
6900,20,1100
6900,30,859
6900,50,860
7000,5,1454
7000,10,1194
7000,20,1013
7000,30,870
7000,50,868
7100,5,1509
7100,10,1226
7100,20,1033
7100,30,882
7100,50,881
7200,5,1544
7200,10,1282
7200,20,1048
7200,30,895
7200,50,895
7300,5,1582
7300,10,1245
7300,20,1056
7300,30,908
7300,50,905
7400,5,1769
7400,10,1366
7400,20,1126
7400,30,974
7400,50,998
7500,5,1754
7500,10,1306
7500,20,1089
7500,30,932
7500,50,932
7600,5,1581
7600,10,1483
7600,20,1147
7600,30,956
7600,50,946
7700,5,1595
7700,10,1372
7700,20,1225
7700,30,975
7700,50,952
7800,5,1640
7800,10,1421
7800,20,1226
7800,30,1061
7800,50,965
7900,5,1659
7900,10,1394
7900,20,1273
7900,30,1142
7900,50,987
8000,5,1262
8000,10,1016
8000,20,841
8000,30,988
8000,50,791
8100,5,1260
8100,10,1014
8100,20,850
8100,30,849
8100,50,729
8200,5,1242
8200,10,1002
8200,20,846
8200,30,843
8200,50,730
8300,5,1748
8300,10,1391
8300,20,1185
8300,30,1184
8300,50,1022
8400,5,1732
8400,10,1413
8400,20,1204
8400,30,1204
8400,50,1043
8500,5,1719
8500,10,1428
8500,20,1215
8500,30,1215
8500,50,1052
8600,5,1742
8600,10,1443
8600,20,1233
8600,30,1234
8600,50,1067
8700,5,1758
8700,10,1458
8700,20,1247
8700,30,1247
8700,50,1394
8800,5,1979
8800,10,1483
8800,20,1281
8800,30,1259
8800,50,1090
8900,5,1797
8900,10,1490
8900,20,1276
8900,30,1275
8900,50,1109
9000,5,1831
9000,10,1518
9000,20,1290
9000,30,1403
9000,50,1123
9100,5,1838
9100,10,1515
9100,20,1305
9100,30,1304
9100,50,1130
9200,5,1861
9200,10,1548
9200,20,1317
9200,30,1320
9200,50,1138
9300,5,1861
9300,10,1547
9300,20,1384
9300,30,1450
9300,50,1267
9400,5,2007
9400,10,1579
9400,20,1351
9400,30,1349
9400,50,1171
9500,5,1879
9500,10,1568
9500,20,1349
9500,30,1347
9500,50,1175
9600,5,1928
9600,10,1603
9600,20,1365
9600,30,1367
9600,50,1187
9700,5,1926
9700,10,1600
9700,20,1375
9700,30,1372
9700,50,1394
9800,5,2000
9800,10,1607
9800,20,1378
9800,30,1378
9800,50,1200
9900,5,1951
9900,10,1639
9900,20,1405
9900,30,1400
9900,50,1319
10000,5,1990
10000,10,1641
10000,20,1408
10000,30,1406
10000,50,1222
10100,5,1981
10100,10,1659
10100,20,1698
10100,30,1628
10100,50,1234
10200,5,2002
10200,10,1683
10200,20,1449
10200,30,1442
10200,50,1252
10300,5,2065
10300,10,1695
10300,20,1470
10300,30,1449
10300,50,1256
10400,5,2060
10400,10,1749
10400,20,1653
10400,30,1624
10400,50,1278
10500,5,2118
10500,10,1801
10500,20,1599
10500,30,1474
10500,50,1278
10600,5,2136
10600,10,1839
10600,20,1654
10600,30,1492
10600,50,1299
10700,5,3063
10700,10,2732
10700,20,1825
10700,30,1511
10700,50,1383
10800,5,2252
10800,10,1965
10800,20,1778
10800,30,1533
10800,50,1333
10900,5,2800
10900,10,2133
10900,20,1775
10900,30,1538
10900,50,1421
11000,5,2300
11000,10,2036
11000,20,1791
11000,30,1544
11000,50,1352
11100,5,2346
11100,10,2077
11100,20,1804
11100,30,1555
11100,50,1360
11200,5,2403
11200,10,2138
11200,20,1812
11200,30,1561
11200,50,1360
11300,5,2445
11300,10,2182
11300,20,1820
11300,30,1582
11300,50,1384
11400,5,4142
11400,10,2402
11400,20,1832
11400,30,1591
11400,50,1387
11500,5,2740
11500,10,2235
11500,20,1850
11500,30,1607
11500,50,1408
11600,5,2627
11600,10,2194
11600,20,1861
11600,30,1623
11600,50,1418
11700,5,2609
11700,10,2244
11700,20,1896
11700,30,1645
11700,50,1440
11800,5,2991
11800,10,2273
11800,20,1913
11800,30,1869
11800,50,1442
11900,5,2672
11900,10,2289
11900,20,1902
11900,30,1650
11900,50,1441
12000,5,2839
12000,10,2252
12000,20,1915
12000,30,1661
12000,50,1453
12100,5,2783
12100,10,2309
12100,20,1941
12100,30,1679
12100,50,1463
12200,5,2851
12200,10,2341
12200,20,2097
12200,30,1744
12200,50,1541
12300,5,3033
12300,10,2331
12300,20,1950
12300,30,1697
12300,50,1480
12400,5,2906
12400,10,2367
12400,20,1990
12400,30,1762
12400,50,1681
12500,5,2888
12500,10,2346
12500,20,1995
12500,30,1741
12500,50,1519
12600,5,2886
12600,10,2363
12600,20,2015
12600,30,1766
12600,50,1533
12700,5,2928
12700,10,2559
12700,20,2045
12700,30,1773
12700,50,1546
12800,5,2968
12800,10,2413
12800,20,2044
12800,30,1777
12800,50,1552
12900,5,2969
12900,10,2440
12900,20,2069
12900,30,1869
12900,50,1654
13000,5,3171
13000,10,2411
13000,20,2065
13000,30,1807
13000,50,1764
13100,5,2957
13100,10,2427
13100,20,2287
13100,30,1838
13100,50,1820
13200,5,3000
13200,10,2468
13200,20,2204
13200,30,1824
13200,50,1823
13300,5,3002
13300,10,2516
13300,20,2112
13300,30,1841
13300,50,1840
13400,5,3204
13400,10,2490
13400,20,2131
13400,30,1983
13400,50,1851
13500,5,3042
13500,10,2508
13500,20,2147
13500,30,1872
13500,50,1870
13600,5,3243
13600,10,2607
13600,20,2167
13600,30,1881
13600,50,1881
13700,5,3160
13700,10,2587
13700,20,2364
13700,30,1930
13700,50,1893
13800,5,3178
13800,10,2622
13800,20,2215
13800,30,1913
13800,50,2148
13900,5,3170
13900,10,2621
13900,20,2287
13900,30,1967
13900,50,1964
14000,5,3246
14000,10,2592
14000,20,2227
14000,30,1944
14000,50,1945
14100,5,3131
14100,10,2739
14100,20,2246
14100,30,1964
14100,50,1952
14200,5,3274
14200,10,2616
14200,20,2248
14200,30,1965
14200,50,1962
14300,5,3262
14300,10,2759
14300,20,2271
14300,30,1984
14300,50,1986
14400,5,3174
14400,10,2639
14400,20,3025
14400,30,2890
14400,50,2174
14500,5,3311
14500,10,2723
14500,20,2357
14500,30,2011
14500,50,2017
14600,5,3243
14600,10,2695
14600,20,2438
14600,30,2094
14600,50,2094
14700,5,2724
14700,10,1984
14700,20,1684
14700,30,1466
14700,50,1463
14800,5,2551
14800,10,1981
14800,20,1683
14800,30,1469
14800,50,1469
14900,5,4775
14900,10,2878
14900,20,2359
14900,30,2102
14900,50,2129
15000,5,3361
15000,10,2804
15000,20,2379
15000,30,2074
15000,50,2074
15100,5,3370
15100,10,2863
15100,20,2377
15100,30,2086
15100,50,2077
15200,5,3392
15200,10,2776
15200,20,2396
15200,30,2092
15200,50,2098
15300,5,3419
15300,10,2843
15300,20,2428
15300,30,2123
15300,50,2271
15400,5,3496
15400,10,2902
15400,20,2530
15400,30,2272
15400,50,2127
15500,5,3618
15500,10,2922
15500,20,2426
15500,30,2218
15500,50,2120
15600,5,3516
15600,10,2906
15600,20,2574
15600,30,2376
15600,50,2128
15700,5,3439
15700,10,3101
15700,20,2464
15700,30,2389
15700,50,2159
15800,5,3603
15800,10,2863
15800,20,2485
15800,30,2438
15800,50,2174
15900,5,3544
15900,10,2956
15900,20,2508
15900,30,3360
15900,50,3080
16000,5,3526
16000,10,2922
16000,20,2518
16000,30,2523
16000,50,2203
16100,5,3562
16100,10,2958
16100,20,2544
16100,30,2542
16100,50,2396
16200,5,3545
16200,10,3145
16200,20,2650
16200,30,2552
16200,50,2235
16300,5,3673
16300,10,3013
16300,20,2589
16300,30,2590
16300,50,2268
16400,5,3561
16400,10,2984
16400,20,2692
16400,30,2565
16400,50,2255
16500,5,3567
16500,10,2987
16500,20,2592
16500,30,2695
16500,50,2362
16600,5,3795
16600,10,3072
16600,20,2612
16600,30,2607
16600,50,2296
16700,5,3649
16700,10,3060
16700,20,2635
16700,30,2648
16700,50,2276
16800,5,3701
16800,10,3029
16800,20,2630
16800,30,2631
16800,50,2313
16900,5,3731
16900,10,3175
16900,20,2766
16900,30,2636
16900,50,2322
17000,5,3694
17000,10,3094
17000,20,2683
17000,30,2672
17000,50,2402
17100,5,3787
17100,10,3090
17100,20,2715
17100,30,2684
17100,50,2360
17200,5,3714
17200,10,3329
17200,20,2707
17200,30,2700
17200,50,2371
17300,5,3773
17300,10,3159
17300,20,2765
17300,30,2704
17300,50,2374
17400,5,3810
17400,10,3184
17400,20,2746
17400,30,2758
17400,50,3359
17500,5,3776
17500,10,3159
17500,20,2845
17500,30,2814
17500,50,2395
17600,5,3723
17600,10,3152
17600,20,2751
17600,30,2743
17600,50,2448
17700,5,3864
17700,10,3218
17700,20,2761
17700,30,2777
17700,50,2642
17800,5,3842
17800,10,3225
17800,20,2903
17800,30,2771
17800,50,2441
17900,5,3844
17900,10,3246
17900,20,2794
17900,30,2994
17900,50,2455
18000,5,3822
18000,10,3228
18000,20,2797
18000,30,2833
18000,50,2467
18100,5,3830
18100,10,3240
18100,20,2823
18100,30,2906
18100,50,2624
18200,5,3909
18200,10,3283
18200,20,2837
18200,30,2833
18200,50,2553
18300,5,3886
18300,10,3264
18300,20,2837
18300,30,2845
18300,50,2688
18400,5,3886
18400,10,3270
18400,20,2858
18400,30,2853
18400,50,2629
18500,5,3872
18500,10,3279
18500,20,2863
18500,30,2963
18500,50,2624
18600,5,4026
18600,10,3371
18600,20,2894
18600,30,2936
18600,50,2544
18700,5,3908
18700,10,3316
18700,20,3078
18700,30,2966
18700,50,2557
18800,5,4004
18800,10,3427
18800,20,2909
18800,30,2922
18800,50,2564
18900,5,4211
18900,10,3360
18900,20,2928
18900,30,2935
18900,50,2585
19000,5,2975
19000,10,2456
19000,20,2119
19000,30,2125
19000,50,2556
19100,5,4230
19100,10,3395
19100,20,2962
19100,30,2963
19100,50,2612
19200,5,4136
19200,10,3471
19200,20,2989
19200,30,2973
19200,50,2610
19300,5,4259
19300,10,3417
19300,20,2986
19300,30,2986
19300,50,2633
19400,5,3057
19400,10,2489
19400,20,2154
19400,30,2155
19400,50,1904
19500,5,5825
19500,10,3445
19500,20,3008
19500,30,2999
19500,50,2859
19600,5,4129
19600,10,3548
19600,20,3045
19600,30,3031
19600,50,2675
19700,5,4355
19700,10,3479
19700,20,3057
19700,30,3029
19700,50,2668
19800,5,4112
19800,10,3510
19800,20,3064
19800,30,3259
19800,50,2695
19900,5,4273
19900,10,3522
19900,20,3078
19900,30,3074
19900,50,2710
20000,5,4191
20000,10,3544
20000,20,3087
20000,30,3143
20000,50,2711
20100,5,4418
20100,10,3606
20100,20,3106
20100,30,3104
20100,50,2745
20200,5,3186
20200,10,2620
20200,20,2268
20200,30,2470
20200,50,2761
20300,5,4411
20300,10,3717
20300,20,3163
20300,30,3162
20300,50,2809
20400,5,4304
20400,10,3645
20400,20,3436
20400,30,3188
20400,50,2810
20500,5,4227
20500,10,3622
20500,20,3176
20500,30,3164
20500,50,3066
20600,5,4425
20600,10,3716
20600,20,3232
20600,30,3180
20600,50,2832
20700,5,4362
20700,10,3782
20700,20,3329
20700,30,3193
20700,50,2819
20800,5,4419
20800,10,3794
20800,20,3434
20800,30,3229
20800,50,2860
20900,5,4412
20900,10,3811
20900,20,3566
20900,30,3359
20900,50,2859
21000,5,4497
21000,10,3897
21000,20,3488
21000,30,3427
21000,50,2848
21100,5,4547
21100,10,3916
21100,20,3544
21100,30,3483
21100,50,2932
21200,5,4648
21200,10,3991
21200,20,3616
21200,30,3521
21200,50,2904
21300,5,4600
21300,10,4083
21300,20,3760
21300,30,3541
21300,50,2890
21400,5,4673
21400,10,4162
21400,20,3835
21400,30,3306
21400,50,2926
21500,5,4697
21500,10,4313
21500,20,3776
21500,30,3301
21500,50,2973
21600,5,5006
21600,10,4133
21600,20,3797
21600,30,3340
21600,50,2997
21700,5,5103
21700,10,4203
21700,20,3825
21700,30,3450
21700,50,2965
21800,5,4905
21800,10,4271
21800,20,3923
21800,30,3361
21800,50,2992
21900,5,4894
21900,10,4426
21900,20,3851
21900,30,3385
21900,50,2996
22000,5,4931
22000,10,4405
22000,20,3878
22000,30,3388
22000,50,3002
22100,5,4928
22100,10,4406
22100,20,3889
22100,30,3685
22100,50,3035
22200,5,5340
22200,10,4890
22200,20,3911
22200,30,3840
22200,50,3032
22300,5,5102
22300,10,4707
22300,20,3973
22300,30,3470
22300,50,3107
22400,5,5204
22400,10,4652
22400,20,4031
22400,30,3509
22400,50,3066
22500,5,5076
22500,10,4614
22500,20,3960
22500,30,3475
22500,50,3116
22600,5,5251
22600,10,4662
22600,20,4169
22600,30,3520
22600,50,3071
22700,5,5395
22700,10,4748
22700,20,3983
22700,30,3502
22700,50,3138
22800,5,5223
22800,10,4715
22800,20,4027
22800,30,3535
22800,50,3129
22900,5,5560
22900,10,4672
22900,20,4009
22900,30,4046
22900,50,3120
23000,5,5318
23000,10,5005
23000,20,4024
23000,30,3533
23000,50,3149
23100,5,5392
23100,10,4739
23100,20,4146
23100,30,3558
23100,50,3152
23200,5,5528
23200,10,4725
23200,20,4049
23200,30,4522
23200,50,4436
23300,5,5472
23300,10,5052
23300,20,4111
23300,30,3608
23300,50,3193
23400,5,5615
23400,10,4815
23400,20,4072
23400,30,3601
23400,50,3282
23500,5,5654
23500,10,4812
23500,20,4138
23500,30,3934
23500,50,3257
23600,5,5945
23600,10,4797
23600,20,4134
23600,30,3697
23600,50,3225
23700,5,5863
23700,10,4823
23700,20,4150
23700,30,3658
23700,50,3532
23800,5,5875
23800,10,4948
23800,20,4179
23800,30,3678
23800,50,3351
23900,5,5837
23900,10,4878
23900,20,4188
23900,30,3676
23900,50,3548
24000,5,6022
24000,10,4903
24000,20,4194
24000,30,3697
24000,50,3335
24100,5,5957
24100,10,4909
24100,20,4217
24100,30,3698
24100,50,3503
24200,5,6106
24200,10,4937
24200,20,4225
24200,30,3720
24200,50,3387
24300,5,6084
24300,10,4990
24300,20,4246
24300,30,3740
24300,50,3552
24400,5,6185
24400,10,4931
24400,20,4322
24400,30,3823
24400,50,3422
24500,5,5970
24500,10,4926
24500,20,4273
24500,30,4129
24500,50,3339
24600,5,6124
24600,10,5166
24600,20,4408
24600,30,3773
24600,50,3330
24700,5,6117
24700,10,5025
24700,20,4295
24700,30,3774
24700,50,3545
24800,5,4702
24800,10,3746
24800,20,3137
24800,30,2943
24800,50,2396
24900,5,4666
24900,10,3672
24900,20,3127
24900,30,2729
24900,50,2398
25000,5,4637
25000,10,3794
25000,20,3108
25000,30,2732
25000,50,2406
25100,5,4670
25100,10,3718
25100,20,3947
25100,30,2753
25100,50,2420
25200,5,6210
25200,10,5263
25200,20,4388
25200,30,3838
25200,50,3405
25300,5,6162
25300,10,5053
25300,20,4370
25300,30,4118
25300,50,3425
25400,5,6256
25400,10,5223
25400,20,4377
25400,30,3886
25400,50,3429
25500,5,4693
25500,10,3732
25500,20,3171
25500,30,2793
25500,50,2456
25600,5,4691
25600,10,3836
25600,20,3164
25600,30,2787
25600,50,2464
25700,5,6224
25700,10,5145
25700,20,4431
25700,30,4106
25700,50,3564
25800,5,6293
25800,10,5207
25800,20,4458
25800,30,3946
25800,50,3799
25900,5,6304
25900,10,5192
25900,20,4535
25900,30,3945
25900,50,3774
26000,5,6527
26000,10,5188
26000,20,4472
26000,30,4082
26000,50,3862
26100,5,6435
26100,10,5496
26100,20,4560
26100,30,3966
26100,50,3960
26200,5,6339
26200,10,5242
26200,20,4687
26200,30,4042
26200,50,3991
26300,5,6370
26300,10,5248
26300,20,4558
26300,30,4258
26300,50,3999
26400,5,6325
26400,10,5323
26400,20,4570
26400,30,4021
26400,50,4161
26500,5,6378
26500,10,5305
26500,20,4579
26500,30,4037
26500,50,4039
26600,5,6541
26600,10,5283
26600,20,4658
26600,30,4059
26600,50,4043
26700,5,5736
26700,10,6580
26700,20,4626
26700,30,4101
26700,50,4051
26800,5,6591
26800,10,5484
26800,20,4700
26800,30,4383
26800,50,4076
26900,5,6497
26900,10,8590
26900,20,7115
26900,30,4234
26900,50,4107
27000,5,8057
27000,10,6181
27000,20,4718
27000,30,4159
27000,50,4098
27100,5,8004
27100,10,6485
27100,20,4723
27100,30,4129
27100,50,4121
27200,5,6490
27200,10,5421
27200,20,4921
27200,30,4143
27200,50,4148
27300,5,6706
27300,10,5764
27300,20,4708
27300,30,4173
27300,50,4153
27400,5,5290
27400,10,3973
27400,20,3399
27400,30,2993
27400,50,2991
27500,5,8369
27500,10,5444
27500,20,4979
27500,30,4206
27500,50,4196
27600,5,6781
27600,10,5492
27600,20,4747
27600,30,4289
27600,50,4340
27700,5,6673
27700,10,5497
27700,20,4785
27700,30,4439
27700,50,4261
27800,5,6791
27800,10,5506
27800,20,4786
27800,30,4584
27800,50,6233
27900,5,6716
27900,10,5532
27900,20,4967
27900,30,4260
27900,50,4221
28000,5,6616
28000,10,5540
28000,20,5066
28000,30,4248
28000,50,4244
28100,5,6678
28100,10,5799
28100,20,4821
28100,30,4239
28100,50,4244
28200,5,6757
28200,10,6403
28200,20,3582
28200,30,3061
28200,50,3063
28300,5,6796
28300,10,5609
28300,20,4997
28300,30,4298
28300,50,4271
28400,5,6827
28400,10,5837
28400,20,4882
28400,30,4317
28400,50,4308
28500,5,6815
28500,10,5683
28500,20,4904
28500,30,4327
28500,50,5914
28600,5,6732
28600,10,5652
28600,20,6693
28600,30,5307
28600,50,4341
28700,5,7035
28700,10,5651
28700,20,4920
28700,30,4555
28700,50,4361
28800,5,5677
28800,10,4351
28800,20,4758
28800,30,3124
28800,50,3154
28900,5,5260
28900,10,4179
28900,20,3591
28900,30,3299
28900,50,3245
29000,5,6939
29000,10,5730
29000,20,5574
29000,30,6244
29000,50,4751
29100,5,7056
29100,10,5765
29100,20,5032
29100,30,4467
29100,50,4422
29200,5,6968
29200,10,5873
29200,20,5024
29200,30,4430
29200,50,4466
29300,5,6944
29300,10,5861
29300,20,5066
29300,30,4476
29300,50,4759
29400,5,6988
29400,10,5958
29400,20,6156
29400,30,4518
29400,50,4497
29500,5,7147
29500,10,5833
29500,20,5107
29500,30,4563
29500,50,4492
29600,5,7022
29600,10,5941
29600,20,5125
29600,30,4529
29600,50,4749
29700,5,7011
29700,10,6131
29700,20,5096
29700,30,4516
29700,50,4558
29800,5,7035
29800,10,5903
29800,20,5325
29800,30,4546
29800,50,4548
29900,5,5364
29900,10,4868
29900,20,4914
29900,30,3277
29900,50,3279
30000,5,5423
30000,10,4348
30000,20,3738
30000,30,3553
30000,50,3402
30100,5,7112
30100,10,5951
30100,20,5271
30100,30,4611
30100,50,4607
30200,5,7042
30200,10,5980
30200,20,5443
30200,30,4594
30200,50,4602
30300,5,7204
30300,10,6334
30300,20,4090
30300,30,3334
30300,50,3441
30400,5,5750
30400,10,4376
30400,20,3791
30400,30,3343
30400,50,4527
30500,5,7099
30500,10,6010
30500,20,5588
30500,30,4675
30500,50,4665
30600,5,7374
30600,10,6032
30600,20,5374
30600,30,4642
30600,50,4647
30700,5,7272
30700,10,6046
30700,20,5498
30700,30,4645
30700,50,4653
30800,5,7292
30800,10,6262
30800,20,5331
30800,30,4751
30800,50,4881
30900,5,7346
30900,10,6383
30900,20,5326
30900,30,4845
30900,50,4859
31000,5,5416
31000,10,4438
31000,20,3916
31000,30,3748
31000,50,3397
31100,5,7495
31100,10,6159
31100,20,5413
31100,30,5053
31100,50,4916
31200,5,7234
31200,10,6133
31200,20,5602
31200,30,5067
31200,50,4770
31300,5,7390
31300,10,6183
31300,20,5439
31300,30,5135
31300,50,4774
31400,5,7377
31400,10,6183
31400,20,5397
31400,30,5490
31400,50,4794
31500,5,7613
31500,10,6173
31500,20,5681
31500,30,5826
31500,50,5356
31600,5,7384
31600,10,6569
31600,20,5431
31600,30,5334
31600,50,4826
31700,5,7426
31700,10,6279
31700,20,5453
31700,30,5698
31700,50,4920
31800,5,7699
31800,10,6263
31800,20,5455
31800,30,5489
31800,50,4840
31900,5,7471
31900,10,6279
31900,20,5790
31900,30,5500
31900,50,4957
32000,5,7487
32000,10,6341
32000,20,5499
32000,30,5590
32000,50,5051
32100,5,7692
32100,10,6273
32100,20,5476
32100,30,5556
32100,50,4884
32200,5,7488
32200,10,6530
32200,20,5510
32200,30,5582
32200,50,5034
32300,5,7449
32300,10,6357
32300,20,5541
32300,30,5539
32300,50,5192
32400,5,7727
32400,10,6347
32400,20,5560
32400,30,7889
32400,50,5205
32500,5,7579
32500,10,8168
32500,20,5573
32500,30,5685
32500,50,4946
32600,5,7590
32600,10,6363
32600,20,5812
32600,30,5596
32600,50,4970
32700,5,7574
32700,10,6399
32700,20,5630
32700,30,5834
32700,50,4953
32800,5,7585
32800,10,6489
32800,20,5614
32800,30,5614
32800,50,5165
32900,5,7797
32900,10,6492
32900,20,5649
32900,30,5697
32900,50,5013
33000,5,7630
33000,10,6828
33000,20,5634
33000,30,5634
33000,50,5421
33100,5,7705
33100,10,6469
33100,20,6070
33100,30,5673
33100,50,5059
33200,5,7675
33200,10,6590
33200,20,5694
33200,30,5700
33200,50,5281
33300,5,7962
33300,10,6522
33300,20,5918
33300,30,5705
33300,50,5073
33400,5,8011
33400,10,6519
33400,20,5735
33400,30,5796
33400,50,5091
33500,5,7836
33500,10,10816
33500,20,6243
33500,30,4224
33500,50,3691
33600,5,6041
33600,10,4784
33600,20,4126
33600,30,4127
33600,50,3762
33700,5,5812
33700,10,4966
33700,20,4354
33700,30,4151
33700,50,3688
33800,5,8069
33800,10,6934
33800,20,5774
33800,30,5777
33800,50,5210
33900,5,7797
33900,10,6848
33900,20,5857
33900,30,5790
33900,50,5190
34000,5,7851
34000,10,6848
34000,20,5822
34000,30,5828
34000,50,5208
34100,5,6062
34100,10,4858
34100,20,4279
34100,30,4363
34100,50,3712
34200,5,8776
34200,10,7995
34200,20,6026
34200,30,5967
34200,50,5175
34300,5,7835
34300,10,6740
34300,20,5875
34300,30,5872
34300,50,5470
34400,5,7986
34400,10,6748
34400,20,5891
34400,30,5917
34400,50,5480
34500,5,8011
34500,10,6795
34500,20,5904
34500,30,5905
34500,50,5548
34600,5,7922
34600,10,6906
34600,20,5915
34600,30,5923
34600,50,5496
34700,5,8167
34700,10,7159
34700,20,5938
34700,30,6175
34700,50,5370
34800,5,8142
34800,10,6776
34800,20,5972
34800,30,5947
34800,50,5618
34900,5,8037
34900,10,6915
34900,20,5973
34900,30,5988
34900,50,5541
35000,5,8064
35000,10,6873
35000,20,5969
35000,30,6059
35000,50,5784
35100,5,8125
35100,10,6826
35100,20,6071
35100,30,7157
35100,50,5346
35200,5,8039
35200,10,6868
35200,20,7083
35200,30,6025
35200,50,5463
35300,5,8181
35300,10,6967
35300,20,6033
35300,30,6084
35300,50,5360
35400,5,8273
35400,10,6906
35400,20,6116
35400,30,6045
35400,50,5415
35500,5,8222
35500,10,6894
35500,20,6097
35500,30,6263
35500,50,5417
35600,5,8135
35600,10,7143
35600,20,6188
35600,30,6093
35600,50,5456
35700,5,8449
35700,10,6966
35700,20,6115
35700,30,6308
35700,50,5545
35800,5,8413
35800,10,6955
35800,20,6099
35800,30,6066
35800,50,5456
35900,5,8627
35900,10,6970
35900,20,6137
35900,30,6118
35900,50,5405
36000,5,8209
36000,10,7108
36000,20,6142
36000,30,6129
36000,50,5759
36100,5,8187
36100,10,7005
36100,20,6170
36100,30,6541
36100,50,5553
36200,5,8281
36200,10,7200
36200,20,6119
36200,30,6165
36200,50,5499
36300,5,8519
36300,10,7059
36300,20,6228
36300,30,6228
36300,50,5532
36400,5,8196
36400,10,7027
36400,20,6175
36400,30,6470
36400,50,5518
36500,5,8224
36500,10,7171
36500,20,6328
36500,30,6196
36500,50,5605
36600,5,8471
36600,10,7049
36600,20,6383
36600,30,6255
36600,50,5679
36700,5,8448
36700,10,7026
36700,20,6216
36700,30,6522
36700,50,5586
36800,5,8433
36800,10,7369
36800,20,6269
36800,30,6322
36800,50,5564
36900,5,8615
36900,10,7073
36900,20,6322
36900,30,6281
36900,50,5938
37000,5,8433
37000,10,7142
37000,20,7328
37000,30,6382
37000,50,5597
37100,5,8664
37100,10,7175
37100,20,6363
37100,30,6314
37100,50,5618
37200,5,8601
37200,10,7128
37200,20,6325
37200,30,6334
37200,50,5825
37300,5,8565
37300,10,7251
37300,20,6308
37300,30,6616
37300,50,5641
37400,5,8531
37400,10,7379
37400,20,6390
37400,30,6374
37400,50,5655
37500,5,8676
37500,10,7171
37500,20,6400
37500,30,6388
37500,50,5812
37600,5,8482
37600,10,7190
37600,20,8140
37600,30,6361
37600,50,5716
37700,5,8688
37700,10,7242
37700,20,6428
37700,30,6401
37700,50,5958
37800,5,8613
37800,10,7565
37800,20,6360
37800,30,6433
37800,50,5706
37900,5,8491
37900,10,7279
37900,20,6368
37900,30,6633
37900,50,5800
38000,5,8644
38000,10,7510
38000,20,6381
38000,30,6486
38000,50,5750
38100,5,8661
38100,10,7282
38100,20,6693
38100,30,6512
38100,50,5734
38200,5,8865
38200,10,7319
38200,20,8406
38200,30,7283
38200,50,6037
38300,5,6691
38300,10,5335
38300,20,4640
38300,30,4864
38300,50,4104
38400,5,7022
38400,10,7323
38400,20,6543
38400,30,6766
38400,50,5800
38500,5,8725
38500,10,7481
38500,20,6479
38500,30,6510
38500,50,6012
38600,5,8685
38600,10,7623
38600,20,6498
38600,30,6742
38600,50,5837
38700,5,8798
38700,10,7415
38700,20,6808
38700,30,6500
38700,50,5836
38800,5,8841
38800,10,7508
38800,20,6592
38800,30,6791
38800,50,5978
38900,5,9276
38900,10,7439
38900,20,6717
38900,30,6620
38900,50,5841
39000,5,8755
39000,10,7423
39000,20,6800
39000,30,6591
39000,50,5899
39100,5,8704
39100,10,7499
39100,20,6569
39100,30,6865
39100,50,5943
39200,5,7187
39200,10,6081
39200,20,4786
39200,30,4705
39200,50,4208
39300,5,6563
39300,10,5797
39300,20,4867
39300,30,4784
39300,50,4326
39400,5,8807
39400,10,7553
39400,20,6987
39400,30,6637
39400,50,5982
39500,5,8876
39500,10,7553
39500,20,6709
39500,30,8593
39500,50,5992
39600,5,14162
39600,10,7766
39600,20,6684
39600,30,6981
39600,50,6004
39700,5,9010
39700,10,7619
39700,20,6732
39700,30,7024
39700,50,6004
39800,5,9020
39800,10,7607
39800,20,7028
39800,30,6825
39800,50,6014
39900,5,9084
39900,10,8175
39900,20,7093
39900,30,6698
39900,50,6301
40000,5,9153
40000,10,7679
40000,20,6843
40000,30,6800
40000,50,6313
40100,5,6615
40100,10,5886
40100,20,4933
40100,30,4891
40100,50,4415
40200,5,9213
40200,10,7692
40200,20,6894
40200,30,6784
40200,50,6067
40300,5,8916
40300,10,7883
40300,20,6854
40300,30,6904
40300,50,6108
40400,5,9353
40400,10,7880
40400,20,7069
40400,30,6948
40400,50,6019
40500,5,9020
40500,10,7970
40500,20,6918
40500,30,6963
40500,50,6140
40600,5,9052
40600,10,7850
40600,20,6881
40600,30,7162
40600,50,6159
40700,5,9164
40700,10,7719
40700,20,7245
40700,30,6953
40700,50,6158
40800,5,9048
40800,10,7886
40800,20,6876
40800,30,7227
40800,50,6167
40900,5,9104
40900,10,7889
40900,20,6835
40900,30,7125
40900,50,6246
41000,5,9102
41000,10,7899
41000,20,6936
41000,30,7298
41000,50,6188
41100,5,9059
41100,10,7907
41100,20,6960
41100,30,7117
41100,50,6169
41200,5,9330
41200,10,8081
41200,20,7061
41200,30,7148
41200,50,6151
41300,5,6915
41300,10,5829
41300,20,5335
41300,30,5008
41300,50,4458
41400,5,7067
41400,10,5801
41400,20,5134
41400,30,5289
41400,50,4468
41500,5,9424
41500,10,8083
41500,20,7439
41500,30,7044
41500,50,6250
41600,5,9492
41600,10,8265
41600,20,7403
41600,30,6975
41600,50,6242
41700,5,9347
41700,10,8410
41700,20,7356
41700,30,7219
41700,50,6269
41800,5,9605
41800,10,8516
41800,20,7384
41800,30,7058
41800,50,6464
41900,5,9827
41900,10,8242
41900,20,7566
41900,30,7049
41900,50,6602
42000,5,9693
42000,10,8448
42000,20,7491
42000,30,7312
42000,50,6346
42100,5,10107
42100,10,8447
42100,20,7616
42100,30,7322
42100,50,6289
42200,5,9682
42200,10,8455
42200,20,8002
42200,30,7133
42200,50,6436
42300,5,9832
42300,10,8425
42300,20,7775
42300,30,7136
42300,50,6671
42400,5,9911
42400,10,8601
42400,20,8209
42400,30,7159
42400,50,6376
42500,5,9870
42500,10,8905
42500,20,7804
42500,30,7309
42500,50,6437
42600,5,10022
42600,10,8623
42600,20,7971
42600,30,7143
42600,50,6592
42700,5,9833
42700,10,8823
42700,20,8116
42700,30,7400
42700,50,6496
42800,5,9902
42800,10,8951
42800,20,8048
42800,30,7266
42800,50,6404
42900,5,10079
42900,10,8752
42900,20,8115
42900,30,7270
42900,50,6710
43000,5,10133
43000,10,8816
43000,20,8468
43000,30,7271
43000,50,6475
43100,5,10250
43100,10,8859
43100,20,8247
43100,30,7204
43100,50,6815
43200,5,10277
43200,10,8976
43200,20,8161
43200,30,7476
43200,50,6539
43300,5,10192
43300,10,9004
43300,20,8540
43300,30,7269
43300,50,6512
43400,5,10200
43400,10,9209
43400,20,8247
43400,30,7331
43400,50,6538
43500,5,10488
43500,10,9254
43500,20,8339
43500,30,7618
43500,50,6519
43600,5,10062
43600,10,9327
43600,20,8283
43600,30,7473
43600,50,6576
43700,5,7669
43700,10,6777
43700,20,6030
43700,30,5624
43700,50,4731
43800,5,10328
43800,10,9595
43800,20,8341
43800,30,7456
43800,50,6513
43900,5,10434
43900,10,9386
43900,20,8370
43900,30,7635
43900,50,6615
44000,5,12104
44000,10,9681
44000,20,8582
44000,30,7541
44000,50,6805
44100,5,10628
44100,10,9373
44100,20,8585
44100,30,7424
44100,50,6666
44200,5,10712
44200,10,9441
44200,20,8403
44200,30,7694
44200,50,6697
44300,5,10503
44300,10,9825
44300,20,9097
44300,30,7478
44300,50,6978
44400,5,10596
44400,10,9706
44400,20,8557
44400,30,7483
44400,50,6827
44500,5,10698
44500,10,9820
44500,20,8525
44500,30,7579
44500,50,6703
44600,5,10768
44600,10,9690
44600,20,8729
44600,30,7491
44600,50,6738
44700,5,10881
44700,10,9680
44700,20,8476
44700,30,7792
44700,50,6802
44800,5,10782
44800,10,9848
44800,20,8529
44800,30,7568
44800,50,6840
44900,5,10725
44900,10,10165
44900,20,8424
44900,30,7664
44900,50,6780
45000,5,11068
45000,10,9994
45000,20,8542
45000,30,7640
45000,50,6794
45100,5,10978
45100,10,9856
45100,20,8730
45100,30,7583
45100,50,6872
45200,5,10999
45200,10,13553
45200,20,9045
45200,30,7630
45200,50,6772
45300,5,11010
45300,10,10005
45300,20,8780
45300,30,7570
45300,50,6879
45400,5,11054
45400,10,9969
45400,20,8596
45400,30,7882
45400,50,6808
45500,5,11178
45500,10,9967
45500,20,8621
45500,30,7963
45500,50,6846
45600,5,11338
45600,10,9877
45600,20,8635
45600,30,7686
45600,50,7116
45700,5,11524
45700,10,10043
45700,20,8627
45700,30,7997
45700,50,6890
45800,5,11252
45800,10,10228
45800,20,8653
45800,30,7722
45800,50,6893
45900,5,11191
45900,10,10226
45900,20,8681
45900,30,7649
45900,50,7138
46000,5,11519
46000,10,10029
46000,20,8736
46000,30,7706
46000,50,7115
46100,5,11634
46100,10,10029
46100,20,8809
46100,30,7688
46100,50,10121
46200,5,11627
46200,10,10106
46200,20,8769
46200,30,8034
46200,50,6888
46300,5,11439
46300,10,10142
46300,20,8857
46300,30,7916
46300,50,7016
46400,5,11598
46400,10,10044
46400,20,8983
46400,30,7788
46400,50,6995
46500,5,11653
46500,10,10115
46500,20,8958
46500,30,7878
46500,50,6984
46600,5,8760
46600,10,7536
46600,20,6361
46600,30,5899
46600,50,5079
46700,5,8828
46700,10,7672
46700,20,6379
46700,30,5718
46700,50,5009
46800,5,14266
46800,10,10283
46800,20,8804
46800,30,8221
46800,50,7052
46900,5,11602
46900,10,10163
46900,20,9087
46900,30,7858
46900,50,7058
47000,5,11891
47000,10,10476
47000,20,8836
47000,30,7884
47000,50,7059
47100,5,11984
47100,10,10144
47100,20,8916
47100,30,7885
47100,50,7348
47200,5,9240
47200,10,7551
47200,20,6437
47200,30,5650
47200,50,5186
47300,5,12057
47300,10,10417
47300,20,9195
47300,30,7939
47300,50,7304
47400,5,11928
47400,10,10465
47400,20,8957
47400,30,7975
47400,50,7083
47500,5,12190
47500,10,10650
47500,20,9541
47500,30,8329
47500,50,7134
47600,5,12044
47600,10,10575
47600,20,8118
47600,30,5826
47600,50,5129
47700,5,12183
47700,10,10421
47700,20,9313
47700,30,8145
47700,50,7321
47800,5,12060
47800,10,10607
47800,20,9032
47800,30,8052
47800,50,7623
47900,5,12556
47900,10,10391
47900,20,9100
47900,30,8011
47900,50,7492
48000,5,12207
48000,10,10679
48000,20,9117
48000,30,8039
48000,50,7350
48100,5,12452
48100,10,10488
48100,20,9071
48100,30,8334
48100,50,7291
48200,5,12206
48200,10,10815
48200,20,9142
48200,30,8061
48200,50,7457
48300,5,12480
48300,10,10548
48300,20,9359
48300,30,8152
48300,50,7307
48400,5,12678
48400,10,10618
48400,20,9145
48400,30,8108
48400,50,7314
48500,5,14133
48500,10,10557
48500,20,9222
48500,30,9429
48500,50,7269
48600,5,12346
48600,10,12204
48600,20,9160
48600,30,8104
48600,50,7514
48700,5,12465
48700,10,10436
48700,20,9381
48700,30,8128
48700,50,7331
48800,5,12827
48800,10,10633
48800,20,9168
48800,30,8425
48800,50,7282
48900,5,12583
48900,10,10820
48900,20,9191
48900,30,8157
48900,50,7547
49000,5,13049
49000,10,10703
49000,20,9445
49000,30,8460
49000,50,7333
49100,5,12798
49100,10,10969
49100,20,9360
49100,30,8288
49100,50,7363
49200,5,12743
49200,10,10540
49200,20,9513
49200,30,8262
49200,50,7394
49300,5,12896
49300,10,10737
49300,20,9196
49300,30,8524
49300,50,7403
49400,5,12741
49400,10,10954
49400,20,9308
49400,30,8254
49400,50,7809
49500,5,12883
49500,10,10656
49500,20,9597
49500,30,8344
49500,50,7596
49600,5,13190
49600,10,10690
49600,20,9393
49600,30,8402
49600,50,7745
49700,5,12984
49700,10,10910
49700,20,9343
49700,30,8346
49700,50,7411
49800,5,12919
49800,10,11140
49800,20,9806
49800,30,8503
49800,50,7601
49900,5,13036
49900,10,10757
49900,20,9366
49900,30,11012
49900,50,7666
50000,5,15888
50000,10,12968
50000,20,9410
50000,30,8667
50000,50,7644
50100,5,13041
50100,10,10742
50100,20,9659
50100,30,8434
50100,50,7463
50200,5,13080
50200,10,10807
50200,20,9688
50200,30,8420
50200,50,7639
50300,5,13069
50300,10,10826
50300,20,9522
50300,30,8507
50300,50,7519
50400,5,9847
50400,10,7966
50400,20,6811
50400,30,7095
50400,50,7557
50500,5,13163
50500,10,10898
50500,20,9463
50500,30,8700
50500,50,7577
50600,5,13044
50600,10,11157
50600,20,11303
50600,30,8509
50600,50,7945
50700,5,13007
50700,10,10941
50700,20,9785
50700,30,8556
50700,50,7566
50800,5,13085
50800,10,10919
50800,20,9858
50800,30,8511
50800,50,7704
50900,5,13347
50900,10,11034
50900,20,9556
50900,30,9184
50900,50,6430
51000,5,13080
51000,10,11005
51000,20,9750
51000,30,8548
51000,50,7906
51100,5,13374
51100,10,11028
51100,20,9770
51100,30,8605
51100,50,7719
51200,5,13148
51200,10,13311
51200,20,9842
51200,30,8651
51200,50,7660
51300,5,13097
51300,10,11186
51300,20,9866
51300,30,8725
51300,50,7789
51400,5,13196
51400,10,11009
51400,20,9870
51400,30,8665
51400,50,7851
51500,5,13670
51500,10,11599
51500,20,10073
51500,30,8946
51500,50,8498
51600,5,13322
51600,10,11378
51600,20,10555
51600,30,13261
51600,50,8244
51700,5,13519
51700,10,11223
51700,20,9765
51700,30,8676
51700,50,8474
51800,5,12146
51800,10,8364
51800,20,7153
51800,30,6525
51800,50,5958
51900,5,13575
51900,10,11152
51900,20,9823
51900,30,8996
51900,50,8445
52000,5,10100
52000,10,8244
52000,20,7014
52000,30,6481
52000,50,6089
52100,5,13533
52100,10,11322
52100,20,9797
52100,30,9059
52100,50,8631
52200,5,13707
52200,10,11482
52200,20,9901
52200,30,8745
52200,50,8942
52300,5,13495
52300,10,11229
52300,20,9976
52300,30,9447
52300,50,8844
52400,5,13638
52400,10,11425
52400,20,9878
52400,30,9126
52400,50,8768
52500,5,13656
52500,10,11419
52500,20,10162
52500,30,8809
52500,50,8843
52600,5,13557
52600,10,11318
52600,20,10154
52600,30,8921
52600,50,8819
52700,5,13490
52700,10,12572
52700,20,11185
52700,30,8981
52700,50,9182
52800,5,13576
52800,10,11592
52800,20,9999
52800,30,8876
52800,50,9189
52900,5,13631
52900,10,11627
52900,20,10024
52900,30,8889
52900,50,11650
53000,5,13836
53000,10,11414
53000,20,9977
53000,30,9238
53000,50,8868
53100,5,13780
53100,10,11418
53100,20,10275
53100,30,8888
53100,50,8942
53200,5,13607
53200,10,11527
53200,20,10188
53200,30,11345
53200,50,12451
53300,5,13791
53300,10,11590
53300,20,10091
53300,30,8899
53300,50,9151
53400,5,13535
53400,10,11592
53400,20,10061
53400,30,8969
53400,50,9088
53500,5,13991
53500,10,11490
53500,20,10027
53500,30,9224
53500,50,9257
53600,5,17738
53600,10,11674
53600,20,10050
53600,30,9027
53600,50,8979
53700,5,13705
53700,10,11839
53700,20,10095
53700,30,9124
53700,50,8984
53800,5,14136
53800,10,11487
53800,20,10238
53800,30,9392
53800,50,9032
53900,5,13772
53900,10,12576
53900,20,10259
53900,30,9015
53900,50,9286
54000,5,13753
54000,10,11575
54000,20,10384
54000,30,9051
54000,50,9117
54100,5,13871
54100,10,13453
54100,20,10213
54100,30,9105
54100,50,9522
54200,5,15048
54200,10,11738
54200,20,10141
54200,30,9337
54200,50,9203
54300,5,13989
54300,10,11584
54300,20,10498
54300,30,9181
54300,50,9032
54400,5,14174
54400,10,11671
54400,20,10423
54400,30,9128
54400,50,9337
54500,5,14150
54500,10,11744
54500,20,10173
54500,30,9414
54500,50,9236
54600,5,13978
54600,10,11956
54600,20,10259
54600,30,9175
54600,50,9145
54700,5,14148
54700,10,11652
54700,20,10341
54700,30,9422
54700,50,9436
54800,5,14054
54800,10,11699
54800,20,9615
54800,30,6598
54800,50,6542
54900,5,14072
54900,10,11858
54900,20,10498
54900,30,9189
54900,50,9276
55000,5,13923
55000,10,11856
55000,20,10477
55000,30,9269
55000,50,9196
55100,5,14476
55100,10,11963
55100,20,10414
55100,30,9469
55100,50,9209
55200,5,14271
55200,10,12094
55200,20,10578
55200,30,9237
55200,50,9792
55300,5,14289
55300,10,11821
55300,20,10570
55300,30,9186
55300,50,9247
55400,5,13970
55400,10,12129
55400,20,10374
55400,30,9295
55400,50,9426
55500,5,10958
55500,10,15581
55500,20,7472
55500,30,6614
55500,50,6652
55600,5,14142
55600,10,12026
55600,20,10523
55600,30,9333
55600,50,9839
55700,5,13985
55700,10,11887
55700,20,10669
55700,30,9354
55700,50,9322
55800,5,14505
55800,10,11987
55800,20,10465
55800,30,9527
55800,50,9398
55900,5,14251
55900,10,11926
55900,20,10541
55900,30,11390
55900,50,10034
56000,5,14174
56000,10,11956
56000,20,10804
56000,30,9614
56000,50,9398
56100,5,14595
56100,10,11991
56100,20,10477
56100,30,9624
56100,50,9446
56200,5,14183
56200,10,12153
56200,20,10511
56200,30,9330
56200,50,9661
56300,5,14151
56300,10,12081
56300,20,10719
56300,30,11887
56300,50,9661
56400,5,14583
56400,10,12043
56400,20,10784
56400,30,9582
56400,50,9414
56500,5,14219
56500,10,12208
56500,20,10506
56500,30,9358
56500,50,9779
56600,5,14937
56600,10,17246
56600,20,10602
56600,30,9528
56600,50,9875
56700,5,14413
56700,10,11987
56700,20,11262
56700,30,9553
56700,50,9466
56800,5,14591
56800,10,12052
56800,20,10595
56800,30,9782
56800,50,9967
56900,5,14271
56900,10,12295
56900,20,10727
56900,30,9569
56900,50,9624
57000,5,14348
57000,10,12280
57000,20,10699
57000,30,9526
57000,50,9706
57100,5,14344
57100,10,12274
57100,20,10686
57100,30,9658
57100,50,9821
57200,5,14494
57200,10,12113
57200,20,10605
57200,30,9777
57200,50,9577
57300,5,14336
57300,10,12426
57300,20,10506
57300,30,6847
57300,50,6995
57400,5,14357
57400,10,12397
57400,20,10714
57400,30,9693
57400,50,9745
57500,5,14663
57500,10,12516
57500,20,10836
57500,30,9522
57500,50,9841
57600,5,14446
57600,10,12445
57600,20,10692
57600,30,9633
57600,50,9717
57700,5,19489
57700,10,12409
57700,20,10771
57700,30,9802
57700,50,9856
57800,5,14642
57800,10,12244
57800,20,10920
57800,30,9735
57800,50,9678
57900,5,14527
57900,10,12280
57900,20,11050
57900,30,9706
57900,50,9588
58000,5,14488
58000,10,12334
58000,20,11040
58000,30,9674
58000,50,9664
58100,5,14530
58100,10,12597
58100,20,10937
58100,30,9715
58100,50,9823
58200,5,14783
58200,10,12516
58200,20,10983
58200,30,9566
58200,50,9904
58300,5,14613
58300,10,12585
58300,20,10862
58300,30,9773
58300,50,9961
58400,5,14844
58400,10,12741
58400,20,10906
58400,30,9734
58400,50,10505
58500,5,14660
58500,10,12689
58500,20,10968
58500,30,9777
58500,50,9908
58600,5,14868
58600,10,12592
58600,20,12799
58600,30,10038
58600,50,9775
58700,5,14832
58700,10,12526
58700,20,10960
58700,30,10012
58700,50,9816
58800,5,14874
58800,10,12582
58800,20,11277
58800,30,9851
58800,50,9763
58900,5,15708
58900,10,12401
58900,20,11145
58900,30,9729
58900,50,9751
59000,5,14905
59000,10,12433
59000,20,11198
59000,30,9769
59000,50,9785
59100,5,11199
59100,10,9259
59100,20,7900
59100,30,7387
59100,50,7046
59200,5,14962
59200,10,12559
59200,20,10961
59200,30,10096
59200,50,9881
59300,5,15007
59300,10,12591
59300,20,11271
59300,30,9872
59300,50,9944
59400,5,15023
59400,10,12768
59400,20,11343
59400,30,9911
59400,50,9746
59500,5,14911
59500,10,12628
59500,20,11297
59500,30,10071
59500,50,9830
59600,5,11245
59600,10,9196
59600,20,8263
59600,30,7115
59600,50,7072
59700,5,11495
59700,10,9210
59700,20,8094
59700,30,7086
59700,50,7365
59800,5,14910
59800,10,12944
59800,20,11192
59800,30,9909
59800,50,10200
59900,5,15205
59900,10,12683
59900,20,11150
59900,30,10244
59900,50,9954
60000,5,15106
60000,10,12713
60000,20,11469
60000,30,9893
60000,50,10014
60100,5,14921
60100,10,12706
60100,20,11423
60100,30,10044
60100,50,10025
60200,5,14995
60200,10,12895
60200,20,11421
60200,30,10098
60200,50,10281
60300,5,15328
60300,10,12741
60300,20,11341
60300,30,10624
60300,50,11461
60400,5,15277
60400,10,12814
60400,20,11163
60400,30,10152
60400,50,10048
60500,5,15342
60500,10,12804
60500,20,13148
60500,30,10163
60500,50,10056
60600,5,15323
60600,10,12863
60600,20,11313
60600,30,10195
60600,50,10056
60700,5,15367
60700,10,12954
60700,20,11647
60700,30,10096
60700,50,10164
60800,5,15156
60800,10,13050
60800,20,11315
60800,30,10205
60800,50,10325
60900,5,15271
60900,10,13681
60900,20,11430
60900,30,10371
60900,50,10157
61000,5,15423
61000,10,14749
61000,20,11615
61000,30,10119
61000,50,10224
61100,5,15165
61100,10,13192
61100,20,11518
61100,30,10198
61100,50,10397
61200,5,15402
61200,10,13005
61200,20,11780
61200,30,15308
61200,50,10209
61300,5,15246
61300,10,13155
61300,20,11394
61300,30,10172
61300,50,10431
61400,5,15614
61400,10,13017
61400,20,12119
61400,30,10493
61400,50,10314
61500,5,15313
61500,10,13248
61500,20,11372
61500,30,10431
61500,50,10501
61600,5,15301
61600,10,13184
61600,20,11463
61600,30,10337
61600,50,10442
61700,5,15454
61700,10,13057
61700,20,11643
61700,30,10401
61700,50,10259
61800,5,15253
61800,10,13227
61800,20,13871
61800,30,11042
61800,50,10196
61900,5,15577
61900,10,13370
61900,20,11637
61900,30,10609
61900,50,10450
62000,5,15405
62000,10,13055
62000,20,11507
62000,30,10863
62000,50,12776
62100,5,15453
62100,10,13355
62100,20,11588
62100,30,10691
62100,50,10522
62200,5,15770
62200,10,13114
62200,20,13119
62200,30,13060
62200,50,10433
62300,5,15577
62300,10,13252
62300,20,11615
62300,30,10877
62300,50,10551
62400,5,15782
62400,10,13175
62400,20,11569
62400,30,11990
62400,50,10468
62500,5,15615
62500,10,13432
62500,20,11714
62500,30,11010
62500,50,10631
62600,5,11621
62600,10,9801
62600,20,8301
62600,30,7992
62600,50,7382
62700,5,15625
62700,10,13373
62700,20,11682
62700,30,11411
62700,50,10425
62800,5,15735
62800,10,13374
62800,20,11676
62800,30,11213
62800,50,10659
62900,5,15683
62900,10,13330
62900,20,12021
62900,30,11392
62900,50,10499
63000,5,15563
63000,10,13460
63000,20,11707
63000,30,11536
63000,50,10449
63100,5,11807
63100,10,9608
63100,20,8354
63100,30,8240
63100,50,7826
63200,5,16112
63200,10,13471
63200,20,12099
63200,30,11517
63200,50,10578
63300,5,15774
63300,10,13359
63300,20,11867
63300,30,11786
63300,50,10563
63400,5,15681
63400,10,13624
63400,20,11960
63400,30,12118
63400,50,10526
63500,5,15681
63500,10,13531
63500,20,11847
63500,30,11731
63500,50,10778
63600,5,15787
63600,10,13666
63600,20,11772
63600,30,11761
63600,50,10742
63700,5,15949
63700,10,13362
63700,20,12054
63700,30,11839
63700,50,10777
63800,5,15953
63800,10,13429
63800,20,13697
63800,30,11878
63800,50,10753
63900,5,15977
63900,10,13490
63900,20,12093
63900,30,11976
63900,50,10609
64000,5,15948
64000,10,13446
64000,20,12089
64000,30,11926
64000,50,10678
64100,5,15930
64100,10,13526
64100,20,11873
64100,30,12111
64100,50,10396
64200,5,15818
64200,10,13999
64200,20,12059
64200,30,11970
64200,50,10875
64300,5,16019
64300,10,13499
64300,20,11908
64300,30,12160
64300,50,10728
64400,5,16171
64400,10,13672
64400,20,11973
64400,30,12159
64400,50,10712
64500,5,16043
64500,10,13675
64500,20,17387
64500,30,12308
64500,50,10736
64600,5,16007
64600,10,13667
64600,20,11976
64600,30,12160
64600,50,10808
64700,5,16100
64700,10,14284
64700,20,12345
64700,30,12296
64700,50,10751
64800,5,16060
64800,10,13596
64800,20,12051
64800,30,12143
64800,50,10771
64900,5,16281
64900,10,13610
64900,20,12284
64900,30,12085
64900,50,10774
65000,5,16363
65000,10,13956
65000,20,12272
65000,30,12091
65000,50,10758
65100,5,16231
65100,10,13890
65100,20,12296
65100,30,12050
65100,50,10811
65200,5,12105
65200,10,9899
65200,20,8877
65200,30,8650
65200,50,7698
65300,5,16118
65300,10,13932
65300,20,12056
65300,30,12183
65300,50,11118
65400,5,16061
65400,10,14121
65400,20,12069
65400,30,12156
65400,50,11180
65500,5,16295
65500,10,16386
65500,20,12164
65500,30,12332
65500,50,10813
65600,5,16398
65600,10,13867
65600,20,12156
65600,30,12407
65600,50,11026
65700,5,16199
65700,10,13800
65700,20,12491
65700,30,12156
65700,50,10939
65800,5,16169
65800,10,13886
65800,20,12381
65800,30,12584
65800,50,11025
65900,5,16267
65900,10,13821
65900,20,12264
65900,30,12343
65900,50,10985
66000,5,16323
66000,10,15377
66000,20,12480
66000,30,12300
66000,50,11174
66100,5,16357
66100,10,13746
66100,20,17856
66100,30,12241
66100,50,11205
66200,5,17558
66200,10,14164
66200,20,12290
66200,30,12259
66200,50,11160
66300,5,16182
66300,10,14076
66300,20,12298
66300,30,12504
66300,50,11061
66400,5,16384
66400,10,13940
66400,20,12310
66400,30,12518
66400,50,15116
66500,5,16511
66500,10,13911
66500,20,12594
66500,30,12382
66500,50,11350
66600,5,16196
66600,10,13982
66600,20,13388
66600,30,12445
66600,50,11283
66700,5,16340
66700,10,14171
66700,20,12397
66700,30,12670
66700,50,11054
66800,5,18116
66800,10,13960
66800,20,12327
66800,30,12589
66800,50,11063
66900,5,14455
66900,10,10269
66900,20,8919
66900,30,8998
66900,50,9024
67000,5,16345
67000,10,14231
67000,20,12442
67000,30,12389
67000,50,11400
67100,5,12372
67100,10,10248
67100,20,9113
67100,30,8905
67100,50,8006
67200,5,16649
67200,10,14219
67200,20,12957
67200,30,12524
67200,50,11187
67300,5,17513
67300,10,15946
67300,20,12517
67300,30,12627
67300,50,11265
67400,5,16751
67400,10,14324
67400,20,12580
67400,30,12487
67400,50,11513
67500,5,16552
67500,10,14176
67500,20,12794
67500,30,12511
67500,50,11281
67600,5,12319
67600,10,10552
67600,20,8945
67600,30,9480
67600,50,7973
67700,5,16407
67700,10,14574
67700,20,12825
67700,30,12782
67700,50,11270
67800,5,16470
67800,10,14342
67800,20,12581
67800,30,12856
67800,50,11279
67900,5,12229
67900,10,10578
67900,20,9088
67900,30,8999
67900,50,8250
68000,5,16660
68000,10,18162
68000,20,15306
68000,30,12594
68000,50,11373
68100,5,16659
68100,10,15935
68100,20,12832
68100,30,12850
68100,50,11375
68200,5,16836
68200,10,14412
68200,20,12943
68200,30,12652
68200,50,11550
68300,5,16637
68300,10,14478
68300,20,13817
68300,30,13129
68300,50,11365
68400,5,16824
68400,10,14302
68400,20,12897
68400,30,12681
68400,50,11484
68500,5,16831
68500,10,14431
68500,20,12894
68500,30,12868
68500,50,11393
68600,5,19195
68600,10,18700
68600,20,14236
68600,30,12860
68600,50,11414
68700,5,16668
68700,10,14613
68700,20,12743
68700,30,12715
68700,50,11568
68800,5,12463
68800,10,10703
68800,20,9208
68800,30,9139
68800,50,8338
68900,5,16719
68900,10,14589
68900,20,12809
68900,30,12955
68900,50,12672
69000,5,16840
69000,10,14407
69000,20,12683
69000,30,12967
69000,50,11457
69100,5,18043
69100,10,14639
69100,20,12806
69100,30,13069
69100,50,11448
69200,5,16937
69200,10,14480
69200,20,13045
69200,30,13704
69200,50,12139
69300,5,17254
69300,10,14443
69300,20,13057
69300,30,12792
69300,50,11477
69400,5,16899
69400,10,14685
69400,20,12854
69400,30,12987
69400,50,11611
69500,5,17033
69500,10,14880
69500,20,12838
69500,30,18755
69500,50,11497
69600,5,17045
69600,10,14538
69600,20,12994
69600,30,12887
69600,50,11665
69700,5,17148
69700,10,14627
69700,20,12834
69700,30,13108
69700,50,11562
69800,5,17025
69800,10,17601
69800,20,14485
69800,30,13044
69800,50,11558
69900,5,12544
69900,10,10757
69900,20,9394
69900,30,9301
69900,50,8506
70000,5,12668
70000,10,10658
70000,20,9257
70000,30,9461
70000,50,8255
70100,5,17067
70100,10,14754
70100,20,12977
70100,30,13188
70100,50,11634
70200,5,17188
70200,10,14844
70200,20,12972
70200,30,12939
70200,50,11800
70300,5,17368
70300,10,14766
70300,20,13169
70300,30,13096
70300,50,11972
70400,5,17435
70400,10,14715
70400,20,13024
70400,30,13183
70400,50,11781
70500,5,17118
70500,10,14781
70500,20,13122
70500,30,13274
70500,50,11709
70600,5,17123
70600,10,15097
70600,20,13203
70600,30,13260
70600,50,11839
70700,5,17363
70700,10,14960
70700,20,13071
70700,30,13250
70700,50,11743
70800,5,17228
70800,10,15040
70800,20,13263
70800,30,13314
70800,50,11780
70900,5,17104
70900,10,14983
70900,20,13301
70900,30,13559
70900,50,12280
71000,5,12942
71000,10,10751
71000,20,9411
71000,30,9623
71000,50,8588
71100,5,17392
71100,10,15018
71100,20,13108
71100,30,13109
71100,50,12122
71200,5,17451
71200,10,15150
71200,20,13365
71200,30,13186
71200,50,11996
71300,5,17395
71300,10,14848
71300,20,13354
71300,30,13133
71300,50,11917
71400,5,18022
71400,10,15055
71400,20,13377
71400,30,13354
71400,50,11990
71500,5,17163
71500,10,14973
71500,20,13290
71500,30,13442
71500,50,11895
71600,5,17709
71600,10,14976
71600,20,13405
71600,30,14933
71600,50,12200
71700,5,17555
71700,10,15247
71700,20,13188
71700,30,13127
71700,50,12099
71800,5,17432
71800,10,15125
71800,20,13306
71800,30,13338
71800,50,12066
71900,5,15324
71900,10,15041
71900,20,13501
71900,30,13256
71900,50,11956
72000,5,17535
72000,10,15707
72000,20,13259
72000,30,13263
72000,50,12104
72100,5,17565
72100,10,15183
72100,20,13378
72100,30,13226
72100,50,13745
72200,5,17643
72200,10,20268
72200,20,13712
72200,30,13513
72200,50,11970
72300,5,17530
72300,10,15045
72300,20,13484
72300,30,13383
72300,50,11998
72400,5,17861
72400,10,15057
72400,20,13340
72400,30,13545
72400,50,12134
72500,5,17672
72500,10,15205
72500,20,13670
72500,30,13423
72500,50,12281
72600,5,17695
72600,10,15076
72600,20,13648
72600,30,13517
72600,50,12254
72700,5,17510
72700,10,15435
72700,20,13489
72700,30,13284
72700,50,12160
72800,5,17629
72800,10,15430
72800,20,13945
72800,30,13934
72800,50,12081
72900,5,17739
72900,10,15120
72900,20,13643
72900,30,13476
72900,50,12060
73000,5,17669
73000,10,15111
73000,20,13667
73000,30,15186
73000,50,12277
73100,5,17771
73100,10,16836
73100,20,13554
73100,30,13706
73100,50,12114
73200,5,17845
73200,10,15333
73200,20,13532
73200,30,14787
73200,50,12057
73300,5,17786
73300,10,15218
73300,20,13805
73300,30,13585
73300,50,12423
73400,5,17524
73400,10,15311
73400,20,13631
73400,30,13489
73400,50,14066
73500,5,17669
73500,10,15589
73500,20,13589
73500,30,13768
73500,50,12231
73600,5,17978
73600,10,15327
73600,20,13446
73600,30,19083
73600,50,12131
73700,5,17945
73700,10,15319
73700,20,13760
73700,30,13576
73700,50,12383
73800,5,17625
73800,10,15409
73800,20,13690
73800,30,13895
73800,50,12259
73900,5,18218
73900,10,15301
73900,20,13696
73900,30,13837
73900,50,12468
74000,5,17956
74000,10,15295
74000,20,13810
74000,30,13599
74000,50,12390
74100,5,13148
74100,10,11303
74100,20,9790
74100,30,9829
74100,50,9011
74200,5,17933
74200,10,15500
74200,20,13888
74200,30,13884
74200,50,12322
74300,5,17757
74300,10,15703
74300,20,13797
74300,30,13968
74300,50,12398
74400,5,18109
74400,10,15418
74400,20,13938
74400,30,13819
74400,50,12558
74500,5,13446
74500,10,11533
74500,20,9995
74500,30,9789
74500,50,10804
74600,5,18086
74600,10,15492
74600,20,13796
74600,30,13754
74600,50,12325
74700,5,18046
74700,10,15688
74700,20,14262
74700,30,15169
74700,50,12369
74800,5,18166
74800,10,15458
74800,20,13978
74800,30,13800
74800,50,12262
74900,5,18156
74900,10,15627
74900,20,14154
74900,30,14099
74900,50,12608
75000,5,13683
75000,10,11203
75000,20,10017
75000,30,10163
75000,50,8821
75100,5,18588
75100,10,15810
75100,20,13868
75100,30,13832
75100,50,12666
75200,5,18170
75200,10,15544
75200,20,14036
75200,30,14196
75200,50,12577
75300,5,18111
75300,10,15826
75300,20,13986
75300,30,14092
75300,50,14754
75400,5,18114
75400,10,17713
75400,20,13951
75400,30,14137
75400,50,12465
75500,5,18214
75500,10,15584
75500,20,14117
75500,30,13920
75500,50,12665
75600,5,18225
75600,10,15608
75600,20,14108
75600,30,13902
75600,50,12551
75700,5,18171
75700,10,15763
75700,20,13921
75700,30,14124
75700,50,13965
75800,5,18266
75800,10,15613
75800,20,14099
75800,30,13881
75800,50,14398
75900,5,18251
75900,10,15870
75900,20,13871
75900,30,14159
75900,50,12570
76000,5,18457
76000,10,15868
76000,20,13959
76000,30,13933
76000,50,12842
76100,5,18482
76100,10,15895
76100,20,13989
76100,30,14047
76100,50,12826
76200,5,20052
76200,10,15784
76200,20,14190
76200,30,13991
76200,50,12753
76300,5,18323
76300,10,15759
76300,20,13959
76300,30,14229
76300,50,12862
76400,5,19608
76400,10,15781
76400,20,14082
76400,30,14052
76400,50,12771
76500,5,18717
76500,10,15842
76500,20,14312
76500,30,14066
76500,50,12795
76600,5,18259
76600,10,17347
76600,20,14164
76600,30,14215
76600,50,12676
76700,5,18425
76700,10,16000
76700,20,13967
76700,30,14251
76700,50,12627
76800,5,18434
76800,10,15925
76800,20,11420
76800,30,10161
76800,50,9315
76900,5,13507
76900,10,11656
76900,20,10074
76900,30,10100
76900,50,9233
77000,5,18382
77000,10,18377
77000,20,14217
77000,30,14345
77000,50,13028
77100,5,18372
77100,10,15982
77100,20,14110
77100,30,14393
77100,50,12684
77200,5,18475
77200,10,15852
77200,20,14362
77200,30,14297
77200,50,13026
77300,5,18748
77300,10,15920
77300,20,14308
77300,30,14218
77300,50,12822
77400,5,19499
77400,10,16155
77400,20,14181
77400,30,14369
77400,50,12733
77500,5,23231
77500,10,17307
77500,20,14146
77500,30,14369
77500,50,12755
77600,5,18627
77600,10,16051
77600,20,14329
77600,30,14382
77600,50,12928
77700,5,18594
77700,10,16140
77700,20,14212
77700,30,14301
77700,50,12826
77800,5,18497
77800,10,16048
77800,20,14265
77800,30,14414
77800,50,12815
77900,5,18582
77900,10,16182
77900,20,14203
77900,30,14479
77900,50,12714
78000,5,18555
78000,10,16222
78000,20,14288
78000,30,14538
78000,50,13017
78100,5,18433
78100,10,16474
78100,20,14254
78100,30,14680
78100,50,12886
78200,5,18543
78200,10,16297
78200,20,14210
78200,30,14330
78200,50,12987
78300,5,19124
78300,10,17534
78300,20,14397
78300,30,14472
78300,50,12775
78400,5,19717
78400,10,16253
78400,20,14329
78400,30,14552
78400,50,12813
78500,5,18931
78500,10,16192
78500,20,14632
78500,30,14313
78500,50,13070
78600,5,20764
78600,10,16144
78600,20,14643
78600,30,14308
78600,50,13110
78700,5,18839
78700,10,16300
78700,20,14559
78700,30,14419
78700,50,13099
78800,5,18868
78800,10,16170
78800,20,14645
78800,30,14364
78800,50,13235
78900,5,18688
78900,10,16533
78900,20,14388
78900,30,14633
78900,50,12983
79000,5,19039
79000,10,17703
79000,20,14720
79000,30,14550
79000,50,12971
79100,5,18922
79100,10,16398
79100,20,16946
79100,30,14722
79100,50,14837
79200,5,18773
79200,10,16603
79200,20,14435
79200,30,14727
79200,50,13035
79300,5,19394
79300,10,16274
79300,20,14730
79300,30,14635
79300,50,13393
79400,5,19221
79400,10,16732
79400,20,14541
79400,30,14903
79400,50,12977
79500,5,19022
79500,10,16533
79500,20,14645
79500,30,14486
79500,50,14149
79600,5,19107
79600,10,16662
79600,20,14645
79600,30,20056
79600,50,13142
79700,5,19164
79700,10,16571
79700,20,14694
79700,30,14887
79700,50,13147
79800,5,18946
79800,10,16633
79800,20,14663
79800,30,14766
79800,50,13273
79900,5,14083
79900,10,13772
79900,20,16309
79900,30,14745
79900,50,13178
80000,5,17353
80000,10,12048
80000,20,10737
80000,30,10422
80000,50,13638
80100,5,14175
80100,10,12209
80100,20,10626
80100,30,10502
80100,50,9703
80200,5,14271
80200,10,11883
80200,20,10676
80200,30,10487
80200,50,9343
80300,5,19056
80300,10,16688
80300,20,14779
80300,30,14994
80300,50,13574
80400,5,19275
80400,10,16445
80400,20,14991
80400,30,14680
80400,50,13467
80500,5,19081
80500,10,16698
80500,20,14978
80500,30,17451
80500,50,13375
80600,5,19488
80600,10,16593
80600,20,15030
80600,30,14930
80600,50,13295
80700,5,19761
80700,10,16891
80700,20,14884
80700,30,15001
80700,50,13329
80800,5,19344
80800,10,16674
80800,20,15359
80800,30,15813
80800,50,13396
80900,5,19228
80900,10,16821
80900,20,14806
80900,30,15044
80900,50,13313
81000,5,19279
81000,10,16616
81000,20,15018
81000,30,14785
81000,50,13691
81100,5,19204
81100,10,16846
81100,20,14882
81100,30,15023
81100,50,15018
81200,5,14196
81200,10,12221
81200,20,15137
81200,30,14968
81200,50,13474
81300,5,19337
81300,10,18410
81300,20,14955
81300,30,15097
81300,50,13314
81400,5,19218
81400,10,17010
81400,20,14980
81400,30,15171
81400,50,13490
81500,5,19514
81500,10,16702
81500,20,15367
81500,30,14890
81500,50,13847
81600,5,19341
81600,10,16944
81600,20,14902
81600,30,16659
81600,50,13831
81700,5,20099
81700,10,16926
81700,20,16232
81700,30,15165
81700,50,13497
81800,5,19442
81800,10,16678
81800,20,15180
81800,30,14855
81800,50,13852
81900,5,19377
81900,10,16996
81900,20,15030
81900,30,15184
81900,50,13418
82000,5,19697
82000,10,16789
82000,20,15133
82000,30,15032
82000,50,13740
82100,5,19574
82100,10,17137
82100,20,15136
82100,30,15202
82100,50,13530
82200,5,19275
82200,10,17210
82200,20,15173
82200,30,15179
82200,50,13485
82300,5,19600
82300,10,17262
82300,20,15346
82300,30,17318
82300,50,13835
82400,5,20002
82400,10,17085
82400,20,15610
82400,30,15285
82400,50,13539
82500,5,14510
82500,10,12733
82500,20,10967
82500,30,10832
82500,50,9849
82600,5,19776
82600,10,17356
82600,20,15412
82600,30,15233
82600,50,13675
82700,5,19933
82700,10,17682
82700,20,15503
82700,30,15403
82700,50,13569
82800,5,20062
82800,10,17144
82800,20,15763
82800,30,15076
82800,50,13930
82900,5,19939
82900,10,17318
82900,20,18316
82900,30,15251
82900,50,13963
83000,5,19831
83000,10,17439
83000,20,15746
83000,30,15365
83000,50,13784
83100,5,19961
83100,10,17474
83100,20,15757
83100,30,18200
83100,50,14210
83200,5,19931
83200,10,19068
83200,20,16056
83200,30,15163
83200,50,13656
83300,5,19982
83300,10,17629
83300,20,16195
83300,30,15124
83300,50,13639
83400,5,20030
83400,10,17718
83400,20,16279
83400,30,15178
83400,50,13683
83500,5,15141
83500,10,13272
83500,20,11428
83500,30,10931
83500,50,11727
83600,5,20122
83600,10,17675
83600,20,17937
83600,30,15347
83600,50,13992
83700,5,21689
83700,10,17667
83700,20,16304
83700,30,15358
83700,50,16249
83800,5,20431
83800,10,17607
83800,20,16334
83800,30,15311
83800,50,14083
83900,5,20392
83900,10,18243
83900,20,16257
83900,30,15667
83900,50,14155
84000,5,20854
84000,10,17888
84000,20,16467
84000,30,15435
84000,50,14079
84100,5,15429
84100,10,13823
84100,20,16528
84100,30,15351
84100,50,14149
84200,5,20595
84200,10,17888
84200,20,12027
84200,30,11055
84200,50,9902
84300,5,20540
84300,10,18070
84300,20,16710
84300,30,15430
84300,50,13826
84400,5,20449
84400,10,18141
84400,20,16840
84400,30,15456
84400,50,14003
84500,5,20720
84500,10,18154
84500,20,16749
84500,30,15371
84500,50,14122
84600,5,20666
84600,10,19001
84600,20,16867
84600,30,15398
84600,50,14132
84700,5,21041
84700,10,18499
84700,20,16785
84700,30,15707
84700,50,13830
84800,5,20871
84800,10,18272
84800,20,17018
84800,30,15434
84800,50,14246
84900,5,23267
84900,10,18485
84900,20,16929
84900,30,15786
84900,50,14045
85000,5,21423
85000,10,18314
85000,20,19347
85000,30,15556
85000,50,14152
85100,5,15697
85100,10,13392
85100,20,12435
85100,30,11086
85100,50,9999
85200,5,21184
85200,10,13733
85200,20,12418
85200,30,11238
85200,50,9980
85300,5,20891
85300,10,18597
85300,20,17352
85300,30,15557
85300,50,14413
85400,5,21038
85400,10,18676
85400,20,17405
85400,30,15906
85400,50,14707
85500,5,21115
85500,10,18473
85500,20,17417
85500,30,15581
85500,50,14283
85600,5,21200
85600,10,18485
85600,20,17454
85600,30,15693
85600,50,14381
85700,5,21228
85700,10,18887
85700,20,17521
85700,30,15847
85700,50,14123
85800,5,21119
85800,10,18620
85800,20,17595
85800,30,15641
85800,50,14378
85900,5,21382
85900,10,19002
85900,20,17374
85900,30,15882
85900,50,14081
86000,5,21362
86000,10,18775
86000,20,17586
86000,30,15724
86000,50,14329
86100,5,19358
86100,10,13959
86100,20,12604
86100,30,11557
86100,50,10026
86200,5,21175
86200,10,19064
86200,20,20004
86200,30,15803
86200,50,14601
86300,5,21232
86300,10,19333
86300,20,17891
86300,30,15791
86300,50,14352
86400,5,23050
86400,10,19192
86400,20,17577
86400,30,15883
86400,50,13183
86500,5,21587
86500,10,19441
86500,20,17895
86500,30,15962
86500,50,14348
86600,5,21584
86600,10,19177
86600,20,21510
86600,30,17567
86600,50,14520
86700,5,21840
86700,10,19337
86700,20,17739
86700,30,16098
86700,50,14299
86800,5,21636
86800,10,21339
86800,20,17786
86800,30,16018
86800,50,14325
86900,5,21733
86900,10,19240
86900,20,17952
86900,30,15855
86900,50,14546
87000,5,21967
87000,10,19647
87000,20,17919
87000,30,15803
87000,50,14502
87100,5,24532
87100,10,19631
87100,20,17960
87100,30,15963
87100,50,14471
87200,5,23432
87200,10,19656
87200,20,17781
87200,30,16177
87200,50,16764
87300,5,22031
87300,10,19479
87300,20,23478
87300,30,16035
87300,50,14470
87400,5,22015
87400,10,19594
87400,20,18115
87400,30,15947
87400,50,14816
87500,5,22263
87500,10,19662
87500,20,18101
87500,30,16085
87500,50,14749
87600,5,22214
87600,10,19534
87600,20,18022
87600,30,15914
87600,50,14802
87700,5,22027
87700,10,19901
87700,20,19814
87700,30,16027
87700,50,14633
87800,5,22276
87800,10,19757
87800,20,18121
87800,30,16331
87800,50,14523
87900,5,16817
87900,10,14470
87900,20,13120
87900,30,11497
87900,50,10303
88000,5,24954
88000,10,20154
88000,20,17888
88000,30,16201
88000,50,14495
88100,5,22361
88100,10,20031
88100,20,16875
88100,30,11585
88100,50,11360
88200,5,22600
88200,10,19985
88200,20,18263
88200,30,16067
88200,50,14946
88300,5,22780
88300,10,20122
88300,20,18274
88300,30,16416
88300,50,14559
88400,5,22498
88400,10,20054
88400,20,18166
88400,30,16234
88400,50,14612
88500,5,24764
88500,10,20347
88500,20,18491
88500,30,16302
88500,50,15195
88600,5,22392
88600,10,20292
88600,20,18199
88600,30,16198
88600,50,14742
88700,5,16679
88700,10,14920
88700,20,13099
88700,30,11796
88700,50,10503
88800,5,16956
88800,10,14909
88800,20,13205
88800,30,11563
88800,50,10383
88900,5,22649
88900,10,20562
88900,20,18201
88900,30,16484
88900,50,14658
89000,5,22444
89000,10,20633
89000,20,18489
89000,30,16246
89000,50,14865
89100,5,25463
89100,10,20508
89100,20,18117
89100,30,16363
89100,50,14472
89200,5,22807
89200,10,20345
89200,20,18384
89200,30,16197
89200,50,14820
89300,5,22773
89300,10,20674
89300,20,18187
89300,30,16414
89300,50,14701
89400,5,22626
89400,10,20666
89400,20,18369
89400,30,16291
89400,50,14850
89500,5,20349
89500,10,20893
89500,20,18172
89500,30,16566
89500,50,14776
89600,5,24869
89600,10,20805
89600,20,18395
89600,30,18715
89600,50,14991
89700,5,22993
89700,10,22938
89700,20,18515
89700,30,16299
89700,50,14961
89800,5,23661
89800,10,20942
89800,20,18225
89800,30,16447
89800,50,16617
89900,5,23045
89900,10,17882
89900,20,13301
89900,30,11791
89900,50,10596
90000,5,23218
90000,10,21029
90000,20,18210
90000,30,16562
90000,50,14781
90100,5,18584
90100,10,21761
90100,20,19595
90100,30,17807
90100,50,15070
90200,5,22913
90200,10,21052
90200,20,18435
90200,30,16503
90200,50,15107
90300,5,23331
90300,10,21236
90300,20,18381
90300,30,16642
90300,50,14787
90400,5,23108
90400,10,21191
90400,20,18513
90400,30,16337
90400,50,15195
90500,5,23410
90500,10,26998
90500,20,18447
90500,30,16566
90500,50,15013
90600,5,23401
90600,10,21028
90600,20,18750
90600,30,17724
90600,50,15515
90700,5,23191
90700,10,21250
90700,20,18718
90700,30,16418
90700,50,15154
90800,5,23564
90800,10,21549
90800,20,18451
90800,30,16823
90800,50,15025
90900,5,25795
90900,10,21063
90900,20,18745
90900,30,18036
90900,50,15885
91000,5,24999
91000,10,21299
91000,20,18707
91000,30,16446
91000,50,15147
91100,5,23848
91100,10,21370
91100,20,18687
91100,30,16498
91100,50,15174
91200,5,23615
91200,10,21247
91200,20,18586
91200,30,16876
91200,50,14956
91300,5,23826
91300,10,21351
91300,20,19611
91300,30,16815
91300,50,14853
91400,5,23710
91400,10,21132
91400,20,18784
91400,30,16706
91400,50,14947
91500,5,24022
91500,10,21155
91500,20,18694
91500,30,16533
91500,50,15224
91600,5,24149
91600,10,21387
91600,20,18968
91600,30,17725
91600,50,16582
91700,5,24172
91700,10,21283
91700,20,18851
91700,30,16838
91700,50,15096
91800,5,24136
91800,10,21752
91800,20,18728
91800,30,16705
91800,50,14150
91900,5,17999
91900,10,15876
91900,20,13501
91900,30,12497
91900,50,16527
92000,5,24205
92000,10,21396
92000,20,18679
92000,30,16866
92000,50,15208
92100,5,25984
92100,10,21636
92100,20,18810
92100,30,16879
92100,50,15412
92200,5,26244
92200,10,21387
92200,20,19068
92200,30,16717
92200,50,15261
92300,5,24492
92300,10,21514
92300,20,18755
92300,30,17013
92300,50,15077
92400,5,24248
92400,10,21793
92400,20,18657
92400,30,16972
92400,50,15089
92500,5,24239
92500,10,21403
92500,20,18882
92500,30,16691
92500,50,15371
92600,5,24208
92600,10,21958
92600,20,18883
92600,30,16771
92600,50,15395
92700,5,24645
92700,10,21465
92700,20,19013
92700,30,16720
92700,50,15399
92800,5,24671
92800,10,21780
92800,20,18855
92800,30,16955
92800,50,15194
92900,5,24375
92900,10,22007
92900,20,21174
92900,30,17434
92900,50,15504
93000,5,24620
93000,10,21653
93000,20,18855
93000,30,17115
93000,50,15297
93100,5,26141
93100,10,21767
93100,20,19013
93100,30,18780
93100,50,16153
93200,5,24461
93200,10,21640
93200,20,19106
93200,30,16915
93200,50,15467
93300,5,26164
93300,10,21668
93300,20,18980
93300,30,16964
93300,50,15464
93400,5,24561
93400,10,21843
93400,20,19170
93400,30,16918
93400,50,15586
93500,5,24879
93500,10,21699
93500,20,24624
93500,30,17213
93500,50,15385
93600,5,24872
93600,10,21913
93600,20,19302
93600,30,17265
93600,50,15438
93700,5,24854
93700,10,21612
93700,20,19248
93700,30,17216
93700,50,15497
93800,5,24985
93800,10,21805
93800,20,21284
93800,30,16935
93800,50,15698
93900,5,24912
93900,10,21921
93900,20,19290
93900,30,17069
93900,50,15641
94000,5,24996
94000,10,21702
94000,20,19229
94000,30,17293
94000,50,15310
94100,5,25014
94100,10,22342
94100,20,20361
94100,30,17189
94100,50,15457
94200,5,21019
94200,10,22001
94200,20,19417
94200,30,17059
94200,50,15654
94300,5,24994
94300,10,22166
94300,20,19230
94300,30,17137
94300,50,15671
94400,5,28081
94400,10,21580
94400,20,13838
94400,30,12280
94400,50,11074
94500,5,25331
94500,10,21940
94500,20,19159
94500,30,17300
94500,50,16726
94600,5,26942
94600,10,22642
94600,20,19181
94600,30,17457
94600,50,15525
94700,5,26466
94700,10,22108
94700,20,19398
94700,30,17172
94700,50,15766
94800,5,25651
94800,10,21998
94800,20,19618
94800,30,17467
94800,50,15557
94900,5,25409
94900,10,22218
94900,20,20483
94900,30,17278
94900,50,15710
95000,5,28376
95000,10,22042
95000,20,20990
95000,30,17542
95000,50,15835
95100,5,25589
95100,10,22128
95100,20,19658
95100,30,17527
95100,50,15779
95200,5,25465
95200,10,22126
95200,20,19369
95200,30,17536
95200,50,15746
95300,5,25460
95300,10,22306
95300,20,19521
95300,30,17368
95300,50,15973
95400,5,25714
95400,10,22053
95400,20,19507
95400,30,17455
95400,50,15948
95500,5,25746
95500,10,22132
95500,20,19317
95500,30,17437
95500,50,15695
95600,5,25775
95600,10,21966
95600,20,19608
95600,30,17581
95600,50,15769
95700,5,25843
95700,10,22262
95700,20,19415
95700,30,17542
95700,50,15712
95800,5,25778
95800,10,17275
95800,20,14230
95800,30,12279
95800,50,11196
95900,5,26055
95900,10,22269
95900,20,19358
95900,30,17785
95900,50,15958
96000,5,26051
96000,10,28138
96000,20,19419
96000,30,17562
96000,50,15740
96100,5,26029
96100,10,22270
96100,20,19451
96100,30,17610
96100,50,16089
96200,5,25944
96200,10,22603
96200,20,20422
96200,30,18843
96200,50,15868
96300,5,19652
96300,10,18942
96300,20,19529
96300,30,17660
96300,50,15919
96400,5,26322
96400,10,22233
96400,20,19698
96400,30,17956
96400,50,17345
96500,5,26461
96500,10,22574
96500,20,19698
96500,30,19200
96500,50,16075
96600,5,26242
96600,10,22483
96600,20,19583
96600,30,17681
96600,50,15855
96700,5,26562
96700,10,22357
96700,20,19899
96700,30,17822
96700,50,15942
96800,5,26251
96800,10,22399
96800,20,19892
96800,30,17464
96800,50,16157
96900,5,26222
96900,10,22441
96900,20,19816
96900,30,17692
96900,50,15974
97000,5,26309
97000,10,22469
97000,20,19623
97000,30,17928
97000,50,16193
97100,5,26244
97100,10,22440
97100,20,19567
97100,30,17909
97100,50,15957
97200,5,26577
97200,10,22411
97200,20,19814
97200,30,17889
97200,50,15973
97300,5,26530
97300,10,22738
97300,20,19796
97300,30,17521
97300,50,16245
97400,5,26711
97400,10,23235
97400,20,20379
97400,30,18016
97400,50,16375
97500,5,27198
97500,10,22939
97500,20,19805
97500,30,17997
97500,50,15942
97600,5,28106
97600,10,22492
97600,20,19765
97600,30,17948
97600,50,15985
97700,5,26819
97700,10,22833
97700,20,19820
97700,30,17949
97700,50,16042
97800,5,26744
97800,10,22534
97800,20,19917
97800,30,17736
97800,50,16215
97900,5,26833
97900,10,22453
97900,20,20165
97900,30,17908
97900,50,16055
98000,5,26974
98000,10,22480
98000,20,19949
98000,30,18091
98000,50,15995
98100,5,27093
98100,10,22485
98100,20,19914
98100,30,17759
98100,50,16382
98200,5,20309
98200,10,16437
98200,20,14494
98200,30,12606
98200,50,11504
98300,5,27000
98300,10,22605
98300,20,20019
98300,30,18062
98300,50,16058
98400,5,27356
98400,10,22614
98400,20,19893
98400,30,17976
98400,50,16164
98500,5,20473
98500,10,16708
98500,20,14475
98500,30,12950
98500,50,11572
98600,5,26640
98600,10,23594
98600,20,20051
98600,30,17811
98600,50,16325
98700,5,26677
98700,10,22803
98700,20,19953
98700,30,17951
98700,50,16291
98800,5,20539
98800,10,16572
98800,20,14442
98800,30,16701
98800,50,16292
98900,5,27067
98900,10,22667
98900,20,20059
98900,30,18561
98900,50,16110
99000,5,24966
99000,10,16836
99000,20,14370
99000,30,17464
99000,50,16217
99100,5,27040
99100,10,22942
99100,20,20211
99100,30,19595
99100,50,16765
99200,5,27508
99200,10,23026
99200,20,20309
99200,30,17949
99200,50,16424
99300,5,27235
99300,10,21773
99300,20,18861
99300,30,18231
99300,50,16458
99400,5,27151
99400,10,22987
99400,20,20212
99400,30,18078
99400,50,16359
99500,5,27210
99500,10,22796
99500,20,20369
99500,30,18273
99500,50,16327
99600,5,27413
99600,10,22965
99600,20,20061
99600,30,19339
99600,50,16334
99700,5,27201
99700,10,22903
99700,20,20079
99700,30,18716
99700,50,16335
99800,5,27391
99800,10,23025
99800,20,20187
99800,30,18261
99800,50,16214
99900,5,27311
99900,10,22870
99900,20,20287
99900,30,18074
99900,50,16567
100000,5,27518
100000,10,22835
100000,20,21044
100000,30,18461
100000,50,16429
